client_id,name,description,created,created_by,updated,updated_by,active
e505b1b5-51f4-426f-b26a-4940ff4bb3ba,Quire,,10/28/2015,,6/3/2016,,false
ebd6b1e4-51ed-485e-9f12-401b3b126776,Babbleblab,,5/22/2016,,9/9/2015,,false
ef151a7c-1eab-4ade-a820-b356103af7df,Avamba,Ut tellus. Nulla ut erat id mauris vulputate elementum. Nullam varius. Nulla facilisi. Cras non velit nec nisi vulputate nonummy. Maecenas tincidunt lacus at velit. Vivamus vel nulla eget eros elementum pellentesque. Quisque porta volutpat erat.,2/17/2016,,4/20/2016,,true
1d244f46-ecef-42ac-9a4a-b6aff50454e5,Aimbu,Etiam faucibus cursus urna. Ut tellus. Nulla ut erat id mauris vulputate elementum.,12/26/2015,,6/21/2016,,false
4420560c-863b-4f5a-bedb-d9ab2f61034a,Ntags,"Pellentesque at nulla. Suspendisse potenti. Cras in purus eu magna vulputate luctus. Cum sociis natoque penatibus et magnis dis parturient montes, nascetur ridiculus mus. Vivamus vestibulum sagittis sapien. Cum sociis natoque penatibus et magnis dis parturient montes, nascetur ridiculus mus.",6/10/2016,,1/31/2016,,false
990f88fc-78e1-495d-bf00-ee1eb0ded39b,Meezzy,"Quisque porta volutpat erat. Quisque erat eros, viverra eget, congue eget, semper rutrum, nulla. Nunc purus. Phasellus in felis. Donec semper sapien a libero. Nam dui. Proin leo odio, porttitor id, consequat in, consequat ut, nulla.",6/6/2016,,3/31/2016,,true
2b87f21e-7759-40a9-858f-5a7357abacec,Browsetype,,4/16/2016,,8/29/2015,,false
cea50e18-d14a-459a-b030-e9a52b9e90b7,Eadel,In congue. Etiam justo. Etiam pretium iaculis justo. In hac habitasse platea dictumst.,7/11/2015,,4/12/2016,,false
27c0eb74-0fcb-4e99-a5c2-c5be662ac7dd,Twiyo,"Cum sociis natoque penatibus et magnis dis parturient montes, nascetur ridiculus mus. Etiam vel augue. Vestibulum rutrum rutrum neque. Aenean auctor gravida sem. Praesent id massa id nisl venenatis lacinia.",1/14/2016,,1/9/2016,,true
6fe92b05-de48-4e77-958b-7dacf661b575,Agimba,In congue. Etiam justo. Etiam pretium iaculis justo. In hac habitasse platea dictumst. Etiam faucibus cursus urna. Ut tellus. Nulla ut erat id mauris vulputate elementum. Nullam varius.,12/18/2015,,4/26/2016,,false
7fab413f-dc3a-4e4e-bc82-bb419def135a,Skiba,Etiam justo. Etiam pretium iaculis justo. In hac habitasse platea dictumst. Etiam faucibus cursus urna. Ut tellus. Nulla ut erat id mauris vulputate elementum. Nullam varius. Nulla facilisi. Cras non velit nec nisi vulputate nonummy. Maecenas tincidunt lacus at velit.,2/24/2016,,8/28/2015,,true
d5d286db-ce94-45e0-b654-75958655c451,Skiba,Duis bibendum.,10/28/2015,,8/7/2015,,true
70d9f70f-6828-4152-aac4-82a0e385ee8e,Flipstorm,,3/14/2016,,1/27/2016,,false
e279be9c-a064-467f-bdef-5681cee0d975,Gabtune,Etiam faucibus cursus urna. Ut tellus. Nulla ut erat id mauris vulputate elementum. Nullam varius.,1/7/2016,,1/20/2016,,true
e0f7b23d-e525-47b9-abb6-0bec4196b112,Brightdog,Suspendisse potenti. In eleifend quam a odio. In hac habitasse platea dictumst. Maecenas ut massa quis augue luctus tincidunt. Nulla mollis molestie lorem. Quisque ut erat. Curabitur gravida nisi at nibh.,10/5/2015,,9/12/2015,,false
307bb9ee-2ac3-456b-a87b-36e2f0682fc3,Fivespan,"Curabitur in libero ut massa volutpat convallis. Morbi odio odio, elementum eu, interdum eu, tincidunt in, leo. Maecenas pulvinar lobortis est. Phasellus sit amet erat. Nulla tempus. Vivamus in felis eu sapien cursus vestibulum. Proin eu mi. Nulla ac enim. In tempor, turpis nec euismod scelerisque, quam turpis adipiscing lorem, vitae mattis nibh ligula nec sem.",9/23/2015,,12/4/2015,,true
249df1f4-7ca4-42f5-9cb7-bba99999478a,Browseblab,,10/26/2015,,8/28/2015,,true
f1c6997c-7ea3-42c8-89fd-4c3b8c0d7c14,Flashdog,,10/6/2015,,8/14/2015,,false
4eab06df-896d-4b19-a287-44c31c687700,Voomm,"In blandit ultrices enim. Lorem ipsum dolor sit amet, consectetuer adipiscing elit. Proin interdum mauris non ligula pellentesque ultrices. Phasellus id sapien in sapien iaculis congue. Vivamus metus arcu, adipiscing molestie, hendrerit at, vulputate vitae, nisl. Aenean lectus. Pellentesque eget nunc. Donec quis orci eget orci vehicula condimentum. Curabitur in libero ut massa volutpat convallis. Morbi odio odio, elementum eu, interdum eu, tincidunt in, leo.",1/8/2016,,6/29/2015,,false
2480fd0b-489e-4fe7-a60e-2f2704ba83fb,Trunyx,"Donec vitae nisi. Nam ultrices, libero non mattis pulvinar, nulla pede ullamcorper augue, a suscipit nulla elit ac nulla. Sed vel enim sit amet nunc viverra dapibus.",8/31/2015,,2/26/2016,,false
86719791-0b4d-4a94-8e43-17ca2e509d02,Gabtune,Nulla tellus. In sagittis dui vel nisl. Duis ac nibh.,9/10/2015,,3/8/2016,,true
55b88412-6da8-4fe9-915b-991a0d960281,Jaxnation,Aenean auctor gravida sem. Praesent id massa id nisl venenatis lacinia. Aenean sit amet justo.,12/28/2015,,6/24/2016,,true
874f8927-af8c-4b7e-a5a6-092a92ea6f2c,Yakitri,"Vestibulum sed magna at nunc commodo placerat. Praesent blandit. Nam nulla. Integer pede justo, lacinia eget, tincidunt eget, tempus vel, pede. Morbi porttitor lorem id ligula. Suspendisse ornare consequat lectus. In est risus, auctor sed, tristique in, tempus sit amet, sem. Fusce consequat. Nulla nisl.",6/26/2016,,9/7/2015,,true
a57fb737-139f-4216-bd77-4c25be3f7dbe,Eamia,"Vestibulum ac est lacinia nisi venenatis tristique. Fusce congue, diam id ornare imperdiet, sapien urna pretium nisl, ut volutpat sapien arcu sed augue. Aliquam erat volutpat. In congue. Etiam justo. Etiam pretium iaculis justo. In hac habitasse platea dictumst. Etiam faucibus cursus urna. Ut tellus.",3/27/2016,,12/18/2015,,true
d123d517-ff02-4c86-ae48-7a7176d61f39,Blogtag,,11/15/2015,,7/1/2015,,true
bfa7818d-b98e-4183-8699-748b5d31cba3,Devbug,,5/31/2016,,7/14/2015,,false
cc3dc92f-4d41-45a3-ac0b-3b0c9d816721,Zoomcast,,4/20/2016,,11/5/2015,,false
fdb8cd36-a45d-4067-8cea-e236b1fe0060,Jaxworks,"Quisque erat eros, viverra eget, congue eget, semper rutrum, nulla. Nunc purus. Phasellus in felis. Donec semper sapien a libero. Nam dui. Proin leo odio, porttitor id, consequat in, consequat ut, nulla. Sed accumsan felis.",12/3/2015,,5/14/2016,,true
5edfbea8-24d7-4780-9889-b4d2b3db6dd6,Muxo,"Donec odio justo, sollicitudin ut, suscipit a, feugiat et, eros. Vestibulum ac est lacinia nisi venenatis tristique. Fusce congue, diam id ornare imperdiet, sapien urna pretium nisl, ut volutpat sapien arcu sed augue. Aliquam erat volutpat. In congue. Etiam justo. Etiam pretium iaculis justo.",6/2/2016,,1/4/2016,,true
40cc0484-cb12-4be7-a834-1616474d7f4d,Realblab,"Nulla neque libero, convallis eget, eleifend luctus, ultricies eu, nibh. Quisque id justo sit amet sapien dignissim vestibulum. Vestibulum ante ipsum primis in faucibus orci luctus et ultrices posuere cubilia Curae; Nulla dapibus dolor vel est. Donec odio justo, sollicitudin ut, suscipit a, feugiat et, eros.",5/7/2016,,9/17/2015,,false
b57387ce-de5a-42b9-97e1-edeedab58206,Topdrive,"Aenean fermentum. Donec ut mauris eget massa tempor convallis. Nulla neque libero, convallis eget, eleifend luctus, ultricies eu, nibh. Quisque id justo sit amet sapien dignissim vestibulum.",6/13/2016,,7/3/2015,,true
23406977-cc85-4acf-b98e-81eb7b3e3b85,Lazz,,4/4/2016,,9/29/2015,,true
0a3a06ee-3a6d-4a36-bada-df264f2ca5ca,Aibox,Vestibulum ante ipsum primis in faucibus orci luctus et ultrices posuere cubilia Curae; Duis faucibus accumsan odio.,5/8/2016,,4/2/2016,,true
f9ec9c32-df64-4e08-b705-125b4b1f3621,JumpXS,,10/15/2015,,7/9/2015,,false
9cf3432b-ce9c-43cc-97f3-92b3387712d3,DabZ,,10/27/2015,,4/10/2016,,true
b5fcdacc-0469-4acf-8048-6307604feb91,Thoughtstorm,Morbi quis tortor id nulla ultrices aliquet.,10/23/2015,,6/23/2016,,false
d2aae16a-aee7-4614-b913-8178a61f6bd5,Eire,,4/24/2016,,3/16/2016,,true
fa09dd95-add3-4ced-943d-5262946418f0,Omba,,4/13/2016,,4/28/2016,,false
eecd142f-da47-40ca-ab5d-a4b72eaacb82,Wikido,"Proin eu mi. Nulla ac enim. In tempor, turpis nec euismod scelerisque, quam turpis adipiscing lorem, vitae mattis nibh ligula nec sem. Duis aliquam convallis nunc. Proin at turpis a pede posuere nonummy. Integer non velit. Donec diam neque, vestibulum eget, vulputate ut, ultrices vel, augue. Vestibulum ante ipsum primis in faucibus orci luctus et ultrices posuere cubilia Curae; Donec pharetra, magna vestibulum aliquet ultrices, erat tortor sollicitudin mi, sit amet lobortis sapien sapien non mi.",11/21/2015,,5/14/2016,,true
56f00040-a9f2-48f1-b4cb-047986ae2cde,Agimba,,5/15/2016,,9/29/2015,,true
8e6bd473-73b9-4069-88c9-02453e787262,Zoonder,,2/6/2016,,12/3/2015,,false
8d3e2d08-a81e-4866-9b67-ba3477910fb3,Fivechat,,4/5/2016,,10/21/2015,,false
17d62eb1-c979-482b-983b-de5cb507252b,Omba,,9/20/2015,,5/14/2016,,true
fc3b7573-ca34-4d80-bb0c-8443b22400d7,DabZ,Etiam faucibus cursus urna. Ut tellus. Nulla ut erat id mauris vulputate elementum. Nullam varius. Nulla facilisi.,10/23/2015,,4/26/2016,,true
75b815bd-46b1-4824-9a4b-416437b4abf4,Dabfeed,,5/28/2016,,3/13/2016,,true
d40f8985-422d-41a3-8390-bcb8f21b74ab,Devpulse,,12/10/2015,,5/27/2016,,false
d6619046-9b58-4cc5-bd2a-3ff7b82c0a48,Dynabox,,9/21/2015,,1/7/2016,,false
7780cb1e-558c-47b8-8b58-856a42e688ad,Livefish,,12/30/2015,,11/21/2015,,true
c5c9996b-2c09-4e9f-8caf-2f5ea8cd3801,Flashset,"Morbi quis tortor id nulla ultrices aliquet. Maecenas leo odio, condimentum id, luctus nec, molestie sed, justo. Pellentesque viverra pede ac diam.",11/29/2015,,4/17/2016,,false
2e384d75-b92f-47e9-857d-a4421f6fe4fa,Realbuzz,"Nulla ut erat id mauris vulputate elementum. Nullam varius. Nulla facilisi. Cras non velit nec nisi vulputate nonummy. Maecenas tincidunt lacus at velit. Vivamus vel nulla eget eros elementum pellentesque. Quisque porta volutpat erat. Quisque erat eros, viverra eget, congue eget, semper rutrum, nulla. Nunc purus.",9/14/2015,,11/30/2015,,false
48442363-1ab0-4001-8789-4be64fa25aee,Livepath,,12/11/2015,,5/6/2016,,true
68a62a67-7f60-4c62-b923-b55d22d1bef4,Tagtune,,4/18/2016,,1/17/2016,,true
9baf46c7-34a6-48ae-bb3e-9300099583a8,Cogibox,"In quis justo. Maecenas rhoncus aliquam lacus. Morbi quis tortor id nulla ultrices aliquet. Maecenas leo odio, condimentum id, luctus nec, molestie sed, justo. Pellentesque viverra pede ac diam. Cras pellentesque volutpat dui. Maecenas tristique, est et tempus semper, est quam pharetra magna, ac consequat metus sapien ut nunc. Vestibulum ante ipsum primis in faucibus orci luctus et ultrices posuere cubilia Curae; Mauris viverra diam vitae quam.",12/26/2015,,12/22/2015,,false
2353f575-6e42-4b5f-b010-8c4885a00d8d,Thoughtworks,"Vivamus metus arcu, adipiscing molestie, hendrerit at, vulputate vitae, nisl. Aenean lectus. Pellentesque eget nunc. Donec quis orci eget orci vehicula condimentum. Curabitur in libero ut massa volutpat convallis. Morbi odio odio, elementum eu, interdum eu, tincidunt in, leo. Maecenas pulvinar lobortis est. Phasellus sit amet erat. Nulla tempus.",10/24/2015,,1/2/2016,,true
4aff3d59-eb59-4e5d-8990-c0efa2acf28b,Skilith,"Morbi vestibulum, velit id pretium iaculis, diam erat fermentum justo, nec condimentum neque sapien placerat ante. Nulla justo. Aliquam quis turpis eget elit sodales scelerisque. Mauris sit amet eros. Suspendisse accumsan tortor quis turpis. Sed ante.",8/24/2015,,12/15/2015,,true
d55f1f84-ce82-4e92-8211-ccf3cebf54e9,Oyoba,"Donec posuere metus vitae ipsum. Aliquam non mauris. Morbi non lectus. Aliquam sit amet diam in magna bibendum imperdiet. Nullam orci pede, venenatis non, sodales sed, tincidunt eu, felis. Fusce posuere felis sed lacus. Morbi sem mauris, laoreet ut, rhoncus aliquet, pulvinar sed, nisl. Nunc rhoncus dui vel sem. Sed sagittis. Nam congue, risus semper porta volutpat, quam pede lobortis ligula, sit amet eleifend pede libero quis orci.",5/11/2016,,5/5/2016,,true
0fb7f59a-b9fc-46da-bbf9-7099783e1a6d,Tazzy,"Nullam varius. Nulla facilisi. Cras non velit nec nisi vulputate nonummy. Maecenas tincidunt lacus at velit. Vivamus vel nulla eget eros elementum pellentesque. Quisque porta volutpat erat. Quisque erat eros, viverra eget, congue eget, semper rutrum, nulla.",12/1/2015,,1/28/2016,,true
25ffc5e0-62b7-4492-b245-7dad50e216c6,Skivee,,4/3/2016,,12/14/2015,,true
23dbb44a-ebb1-4546-bb0b-2fee84e84fb0,Chatterpoint,,10/13/2015,,11/23/2015,,false
5c1ce85a-a1e1-42c9-b203-fe89d8a4f88b,Ntags,"Praesent blandit. Nam nulla. Integer pede justo, lacinia eget, tincidunt eget, tempus vel, pede. Morbi porttitor lorem id ligula. Suspendisse ornare consequat lectus.",4/28/2016,,6/2/2016,,true
a18fd2f8-1f5f-4c0a-8902-306f0a827263,Feedspan,,8/26/2015,,11/24/2015,,false
92827941-88b4-491b-ae9e-ae4521bb3977,Blogtags,"Duis bibendum, felis sed interdum venenatis, turpis enim blandit mi, in porttitor pede justo eu massa. Donec dapibus. Duis at velit eu est congue elementum. In hac habitasse platea dictumst. Morbi vestibulum, velit id pretium iaculis, diam erat fermentum justo, nec condimentum neque sapien placerat ante.",8/4/2015,,4/2/2016,,false
3ad4476a-64d4-4c0f-8157-5b479e43d05f,Oozz,"Vestibulum ac est lacinia nisi venenatis tristique. Fusce congue, diam id ornare imperdiet, sapien urna pretium nisl, ut volutpat sapien arcu sed augue. Aliquam erat volutpat. In congue. Etiam justo. Etiam pretium iaculis justo. In hac habitasse platea dictumst. Etiam faucibus cursus urna. Ut tellus. Nulla ut erat id mauris vulputate elementum.",12/12/2015,,3/3/2016,,false
7edf2034-3e5b-40ae-a875-94c6a3b4b484,Meembee,,4/1/2016,,7/30/2015,,false
b33ed64c-054f-418d-b34c-a0d5e102062b,Photobug,,2/17/2016,,8/4/2015,,false
b74ee459-3a34-4dff-be1c-6ad37cdb2a52,Quaxo,,3/9/2016,,7/29/2015,,false
09ddc375-9739-4535-a686-3e0e727bf34c,Fivespan,,10/11/2015,,7/3/2015,,true
2a8cc49c-2e46-4369-81b3-9c3fe97e50f0,Devshare,,9/30/2015,,3/16/2016,,false
08460fab-7561-4be7-8617-d0e54a8d1eaf,Skiptube,"Aenean auctor gravida sem. Praesent id massa id nisl venenatis lacinia. Aenean sit amet justo. Morbi ut odio. Cras mi pede, malesuada in, imperdiet et, commodo vulputate, justo.",9/14/2015,,1/9/2016,,false
bb160c43-ed9f-4103-92a6-78bb7400eb3c,Quatz,,3/18/2016,,11/12/2015,,true
2b3583d6-e7fb-4e94-9de1-69d54fa25c51,Yakijo,"Curabitur convallis. Duis consequat dui nec nisi volutpat eleifend. Donec ut dolor. Morbi vel lectus in quam fringilla rhoncus. Mauris enim leo, rhoncus sed, vestibulum sit amet, cursus id, turpis. Integer aliquet, massa id lobortis convallis, tortor risus dapibus augue, vel accumsan tellus nisi eu orci. Mauris lacinia sapien quis libero. Nullam sit amet turpis elementum ligula vehicula consequat. Morbi a ipsum. Integer a nibh.",2/16/2016,,5/23/2016,,false
6a4e2a64-1f56-489e-813a-76bc986d7fd4,Babbleopia,,2/18/2016,,2/27/2016,,true
3a92fbdf-1da1-4835-9c9d-841c61a63b5f,Muxo,,8/8/2015,,4/19/2016,,true
2bb69d6e-ef62-4d82-abe4-75793636b7cf,Brainlounge,,10/12/2015,,10/18/2015,,false
0fd2bd78-eb09-4ea4-9f6e-9cff9fef67c0,Flipopia,,3/12/2016,,4/22/2016,,false
e3dfb65e-ab38-4ade-b0aa-35d63ab77b57,Edgetag,"Nulla mollis molestie lorem. Quisque ut erat. Curabitur gravida nisi at nibh. In hac habitasse platea dictumst. Aliquam augue quam, sollicitudin vitae, consectetuer eget, rutrum at, lorem.",5/24/2016,,2/3/2016,,false
80655711-a5f1-4c0b-ac13-3990de8f55ef,Tekfly,,6/4/2016,,12/31/2015,,true
03a26be7-e747-4aad-a092-03c6b3337de1,Wikibox,,7/14/2015,,3/22/2016,,true
a50877a0-9f56-4444-8d4f-d5fac6e82a1b,Youopia,,12/1/2015,,11/8/2015,,true
4f1a2056-8de0-4766-83b0-80ca82474fae,Youtags,"Fusce lacus purus, aliquet at, feugiat non, pretium quis, lectus. Suspendisse potenti. In eleifend quam a odio. In hac habitasse platea dictumst. Maecenas ut massa quis augue luctus tincidunt. Nulla mollis molestie lorem.",10/13/2015,,11/24/2015,,true
631de952-f93b-4706-b004-912af41e3e96,Eare,"Aenean fermentum. Donec ut mauris eget massa tempor convallis. Nulla neque libero, convallis eget, eleifend luctus, ultricies eu, nibh. Quisque id justo sit amet sapien dignissim vestibulum.",8/3/2015,,6/11/2016,,true
62bb616d-4b9e-4c5f-b498-03e3cd51f476,Edgeify,,3/26/2016,,12/2/2015,,true
f097179c-d9fb-40e6-a24b-f9a427a41c40,Bluejam,,12/30/2015,,5/22/2016,,true
d5b8174d-388b-4e31-b865-40dcc4a2bc55,Realmix,Suspendisse potenti. In eleifend quam a odio. In hac habitasse platea dictumst. Maecenas ut massa quis augue luctus tincidunt. Nulla mollis molestie lorem. Quisque ut erat.,5/12/2016,,12/7/2015,,false
5ad793fd-9df4-469e-88f5-2ee90e40de86,Edgepulse,"Fusce lacus purus, aliquet at, feugiat non, pretium quis, lectus. Suspendisse potenti. In eleifend quam a odio. In hac habitasse platea dictumst.",3/19/2016,,5/29/2016,,true
915ed650-7e7a-443e-a5cf-b5663424d9dd,Oba,"Quisque id justo sit amet sapien dignissim vestibulum. Vestibulum ante ipsum primis in faucibus orci luctus et ultrices posuere cubilia Curae; Nulla dapibus dolor vel est. Donec odio justo, sollicitudin ut, suscipit a, feugiat et, eros. Vestibulum ac est lacinia nisi venenatis tristique. Fusce congue, diam id ornare imperdiet, sapien urna pretium nisl, ut volutpat sapien arcu sed augue. Aliquam erat volutpat. In congue. Etiam justo.",3/8/2016,,8/23/2015,,false
7f9cfdff-dfc6-49cd-99d5-183a8e159634,Divape,,12/6/2015,,12/7/2015,,false
0b69030c-b345-4ad7-92bf-4d9a64975f6a,Jabbertype,,4/5/2016,,1/14/2016,,true
9dc07535-0a31-49e3-95cf-5ca54afa76a0,Yakidoo,"Nullam orci pede, venenatis non, sodales sed, tincidunt eu, felis. Fusce posuere felis sed lacus. Morbi sem mauris, laoreet ut, rhoncus aliquet, pulvinar sed, nisl. Nunc rhoncus dui vel sem. Sed sagittis. Nam congue, risus semper porta volutpat, quam pede lobortis ligula, sit amet eleifend pede libero quis orci. Nullam molestie nibh in lectus.",11/17/2015,,8/5/2015,,false
423bca64-a009-4348-851d-eeeb9c707176,Meeveo,Aliquam quis turpis eget elit sodales scelerisque. Mauris sit amet eros. Suspendisse accumsan tortor quis turpis. Sed ante.,5/4/2016,,11/22/2015,,false
3cda52c8-8bb2-4cef-8029-bb3eabbdfb6a,Thoughtstorm,Nulla nisl.,12/5/2015,,12/5/2015,,false
378c2bc2-7e6b-49e8-8d1b-ca0e1aa8f5d6,Mymm,Pellentesque at nulla. Suspendisse potenti.,6/22/2016,,10/18/2015,,false
968a40a5-07ec-4ea5-956a-2a5ec7121d9b,Skyble,,12/6/2015,,1/4/2016,,false
ad822e35-6df8-4190-acc9-a23d645cec5c,Oyope,,12/12/2015,,8/6/2015,,false
70d6be1f-3ebd-4648-8d56-ac3ceface5ed,Topdrive,,10/6/2015,,4/4/2016,,false
05ef4885-8342-41e0-a563-bc68969dae56,Skipfire,,4/5/2016,,5/30/2016,,true
6ecba8dd-eac8-4fb2-b4a6-af6634990707,Divanoodle,,6/13/2016,,3/23/2016,,true
3884be4e-6de0-4feb-81c1-a2d968b3fff9,Cogidoo,"Vestibulum ante ipsum primis in faucibus orci luctus et ultrices posuere cubilia Curae; Nulla dapibus dolor vel est. Donec odio justo, sollicitudin ut, suscipit a, feugiat et, eros. Vestibulum ac est lacinia nisi venenatis tristique. Fusce congue, diam id ornare imperdiet, sapien urna pretium nisl, ut volutpat sapien arcu sed augue.",7/24/2015,,7/17/2015,,true
f3ceed01-bae1-4ccc-b7e2-0ccd9ad739ae,Yoveo,"Praesent id massa id nisl venenatis lacinia. Aenean sit amet justo. Morbi ut odio. Cras mi pede, malesuada in, imperdiet et, commodo vulputate, justo. In blandit ultrices enim. Lorem ipsum dolor sit amet, consectetuer adipiscing elit. Proin interdum mauris non ligula pellentesque ultrices.",6/24/2016,,9/20/2015,,false
cf3171b2-f331-4402-9de2-c39cd3794bb6,Shuffledrive,Praesent blandit. Nam nulla.,12/5/2015,,9/17/2015,,true
